Keyword,Search Volume,CPC,Paid Difficulty,priority
Search Engine Optimization,1000000.0,"$2,87",22,2
search engine optimization,1000000.0,"$3,08",21,2
seo services,60500.0,"$10,26",25,2
SEO Services,49500.0,"$8,83",22,2
seo services rankstar,49500.0,"$7,40",3,2
seo services,49500.0,"$10,43",27,2
que es search engine optimization,27100.0,"$0,25",11,2
what is the search engine optimization,12100.0,"$1,23",9,2
local seo services,9900.0,"$8,47",3,2
s e o search engine optimization,8100.0,"$4,03",20,2
search engine optimization que significa,8100.0,"$0,42",5,2
Web Development Services,6600.0,"$6,13",20,2
professional seo services,6600.0,"$12,77",14,2
search engine optimization agency london,5400.0,"$6,23",25,2
google search engine optimization,5400.0,"$10,28",19,2
E-commerce Solutions,4400.0,"$6,15",22,2
seo services india,3600.0,"$2,62",21,2
search engine optimization mean,3600.0,"$0,39",5,2
seo services near me,3600.0,"$14,48",17,2
custom software development,3600.0,"$18,56",14,2
Custom Software Development,3600.0,"$12,99",13,2
seo services in sri lanka,2900.0,"$2,04",7,2
seo services in delhi,2900.0,"$1,42",30,2
search engine optimization agency near me,2900.0,"$12,83",9,2
seo services in uk,2900.0,"$4,95",28,2
seo services small business,2400.0,"$20,25",12,2
search engine optimization for a website,2400.0,"$7,82",7,2
search engine optimization course,2400.0,"$1,15",42,2
search engine optimization agency in dubai,2400.0,"$10,34",37,2
seo services company,2400.0,"$11,37",6,2
search engine optimization example,2400.0,"$1,79",12,2
seo services delhi,2400.0,"$1,52",28,2
search engine optimization company in toronto,2400.0,"$13,00",24,2
courses in search engine optimization,2400.0,"$1,15",42,2
custom software development company,2400.0,"$26,14",32,2
search engine optimization techniques,2400.0,"$3,43",23,2
UI/UX Design Services,1900.0,"$4,16",17,2
ui ux design services,1900.0,"$4,71",23,2
Custom Website Design,1900.0,"$14,75",13,2
search engine optimization agency uk,1900.0,"$4,86",36,2
search engine optimization service,1900.0,"$15,25",11,2
search engine optimization in digital marketing,1900.0,"$1,97",18,2
seo services glasgow,1900.0,"$33,67",17,2
seo services in london,1900.0,"$6,08",15,2
seo services new york,1600.0,"$9,86",9,2
search engine optimization agency india,1600.0,"$2,73",34,2
price seo services,1600.0,"$6,62",22,2
search engine optimization services in dubai,1600.0,"$14,33",33,2
definition of search engine optimization,1600.0,"$1,62",4,2
usa seo services,1600.0,"$7,85",60,2
seo services in lahore,1600.0,"$0,38",12,2
search engine optimization tools,1600.0,"$2,67",7,2
website seo services,1600.0,"$7,96",32,2
best seo services,1600.0,"$9,51",17,2
seo services what is,1600.0,"$3,91",6,2
seo services affordable,1600.0,"$19,14",10,2
search engine optimization adalah,1600.0,"$0,18",2,2
seo services cheap,1600.0,"$13,89",22,2
desktop application development,1300.0,"$5,50",14,2
search engine optimization agency in mumbai,1300.0,"$2,08",32,2
custom software development service,1300.0,"$21,58",19,2
search engine optimization comapny,1300.0,"$23,05",6,2
job search engine optimization,1300.0,"$1,04",14,2
Desktop Application Development,1300.0,"$3,98",14,2
top seo services,1300.0,"$11,04",5,2
search engine optimization consultant,1300.0,"$12,92",4,2
seo services vancouver,1300.0,"$18,24",22,2
seo services dubai,1300.0,"$8,66",34,2
seo services chicago,1300.0,"$24,88",14,2
seo services providers,1300.0,"$12,75",21,2
seo services los angeles,1300.0,"$11,05",4,2
google seo services,1300.0,"$11,61",16,2
search engine optimization job,1300.0,"$1,04",14,2
search engine optimization marketing,1300.0,"$7,89",5,2
online seo services,1300.0,"$7,95",7,2
search engine optimization company,1300.0,"$23,05",6,2
search engine optimization company in california,1000.0,"$7,71",30,2
search engine optimization agency sydney,1000.0,"$17,60",33,2
outsourcing seo services,1000.0,"$14,29",19,2
affordable small business seo services,1000.0,"$17,32",19,2
seo services expert,1000.0,"$15,12",11,2
seo services mumbai,1000.0,"$2,38",23,2
shopify seo services,1000.0,"$16,37",10,2
seo services malaysia,1000.0,"$3,13",23,2
seo services primelis,1000.0,"$10,12",7,2
search engine optimization basic,1000.0,"$1,98",4,2
seo services in hyderabad,1000.0,"$1,46",13,2
business seo services,1000.0,"$14,05",5,2
australia seo services,1000.0,"$8,34",36,2
seo services white label,1000.0,"$23,90",27,2
seo services singapore,1000.0,"$8,18",38,2
link building seo services,1000.0,"$11,40",22,2
ecommerce seo services,1000.0,"$10,83",18,2
marketing seo services,1000.0,"$12,24",13,2
